City_ID,City,Country,Lat,Lng,Max Temp,Humidity,Cloudiness,Wind Speed,Current Description
0,acapulco,MX,16.8634,-99.8901,82.22,74,75,8.05,broken clouds
1,chokurdakh,RU,70.6333,147.9167,21.4,89,97,8.1,overcast clouds
2,provideniya,RU,64.3833,-173.3,41.36,100,100,40.0,light intensity shower rain
3,berdigestyakh,RU,62.0989,126.6992,29.62,88,100,6.85,light snow
4,busselton,AU,-33.65,115.3333,57.42,62,89,14.47,overcast clouds
5,whyalla,AU,-33.0333,137.5833,78.69,29,75,17.27,broken clouds
6,bodden town,KY,19.2833,-81.25,84.2,75,75,6.91,broken clouds
7,namibe,AO,-15.1961,12.1522,62.01,90,50,7.61,scattered clouds
8,qaanaaq,GL,77.484,-69.3632,5.25,70,35,7.92,scattered clouds
9,coquimbo,CL,-29.9533,-71.3436,55.13,94,0,2.3,clear sky
10,alihe,CN,50.5667,123.7167,39.38,29,0,7.63,clear sky
11,hilo,US,19.7297,-155.09,82.26,84,75,8.05,broken clouds
12,ushuaia,AR,-54.8,-68.3,38.86,93,100,21.85,light rain
13,pontianak,ID,-0.0333,109.3333,76.98,94,75,4.61,broken clouds
14,ternate,ID,0.8,127.4,85.57,65,100,2.01,overcast clouds
15,suslovo,RU,56.2167,88.1167,34.16,99,100,6.4,light snow
16,sinnamary,GF,5.3833,-52.95,78.57,87,3,9.62,clear sky
17,geraldton,AU,-28.7667,114.6,64.81,45,100,13.8,overcast clouds
18,fortuna,US,40.5982,-124.1573,59.34,85,47,1.01,scattered clouds
19,simoes,BR,-7.5989,-40.8178,78.31,30,87,9.78,overcast clouds
20,port alfred,ZA,-33.5906,26.891,57.18,94,66,1.99,broken clouds
21,rikitea,PF,-23.1203,-134.9692,69.94,59,71,20.24,broken clouds
22,mataura,NZ,-46.1927,168.8643,47.48,91,73,10.65,broken clouds
23,saskylakh,RU,71.9167,114.0833,10.35,96,94,5.5,overcast clouds
24,atuona,PF,-9.8,-139.0333,76.91,77,1,18.14,clear sky
25,ola,RU,59.5833,151.2833,32.14,46,63,6.02,broken clouds
26,naze,JP,28.3667,129.4833,76.87,69,77,8.66,broken clouds
27,husavik,IS,66.0449,-17.3389,36.14,98,100,25.12,overcast clouds
28,guymon,US,36.6828,-101.4816,62.6,77,100,3.44,overcast clouds
29,bambous virieux,MU,-20.3428,57.7575,71.85,78,75,9.22,broken clouds
30,natal,BR,-5.795,-35.2094,75.85,94,75,2.3,broken clouds
31,mar del plata,AR,-38.0023,-57.5575,59.09,87,100,1.99,overcast clouds
32,punta arenas,CL,-53.15,-70.9167,42.91,81,0,14.97,clear sky
33,merrill,US,45.1805,-89.6835,61.57,83,75,3.44,broken clouds
34,lasa,IT,46.6166,10.7002,47.35,78,9,4.12,clear sky
35,hermanus,ZA,-34.4187,19.2345,45.81,82,3,12.57,clear sky
36,gao,ML,16.6362,1.637,89.06,15,93,9.46,overcast clouds
37,tuktoyaktuk,CA,69.4541,-133.0374,33.8,93,100,14.97,overcast clouds
38,nantucket,US,41.2835,-70.0995,60.94,98,100,14.97,overcast clouds
39,carnarvon,AU,-24.8667,113.6333,68.07,34,0,25.32,clear sky
40,beringovskiy,RU,63.05,179.3167,42.69,79,40,29.28,scattered clouds
41,tucuma,BR,-0.1833,-50.05,78.44,77,38,8.37,scattered clouds
42,aden,YE,12.7794,45.0367,85.35,70,86,0.92,overcast clouds
43,cape town,ZA,-33.9258,18.4232,61.38,77,71,1.99,broken clouds
44,barrow,US,71.2906,-156.7887,33.82,80,0,8.05,clear sky
45,albany,US,42.6001,-73.9662,52.56,91,12,4.14,few clouds
46,bredasdorp,ZA,-34.5322,20.0403,48.69,91,1,7.29,clear sky
47,bluff,NZ,-46.6,168.3333,47.8,61,95,21.59,overcast clouds
48,kahului,US,20.8947,-156.47,84.97,75,40,19.57,light rain
49,nikolskoye,RU,59.7035,30.7861,49.91,98,99,8.01,overcast clouds
50,sabha,LY,27.0377,14.4283,69.13,43,0,10.78,clear sky
51,mount pleasant,US,32.7941,-79.8626,62.01,86,0,0.0,clear sky
52,sadasivpet,IN,17.6212,77.9503,71.69,92,100,2.24,overcast clouds
53,taltal,CL,-25.4,-70.4833,60.26,59,0,8.41,clear sky
54,lagoa,PT,39.05,-27.9833,69.03,86,97,17.58,light rain
55,klaksvik,FO,62.2266,-6.589,49.12,80,78,27.42,broken clouds
56,tasiilaq,GL,65.6145,-37.6368,32.16,50,86,6.22,overcast clouds
57,tabas,IR,33.5959,56.9244,70.29,21,0,1.95,clear sky
58,castro,BR,-24.7911,-50.0119,59.68,96,100,5.95,moderate rain
59,augusto correa,BR,-1.0217,-46.635,78.98,77,0,6.82,clear sky
60,nara,JP,34.6851,135.8049,68.5,36,100,6.33,overcast clouds
61,tuatapere,NZ,-46.1333,167.6833,45.73,75,96,14.9,overcast clouds
62,jamestown,US,42.097,-79.2353,52.72,68,28,1.01,scattered clouds
63,bud,US,39.447,-86.1758,57.9,79,26,4.32,scattered clouds
64,vardo,NO,70.3705,31.1107,44.58,81,100,13.8,overcast clouds
65,cherskiy,RU,68.75,161.3,29.88,94,100,10.38,light snow
66,kodiak,US,57.79,-152.4072,53.11,87,100,9.22,mist
67,alyangula,AU,-13.8483,136.4192,87.06,59,57,6.98,broken clouds
68,port lincoln,AU,-34.7333,135.8667,67.59,57,0,7.36,light rain
69,upernavik,GL,72.7868,-56.1549,19.92,89,100,4.47,overcast clouds
70,roela,EE,59.1667,26.5926,52.61,94,100,10.8,overcast clouds
71,arraial do cabo,BR,-22.9661,-42.0278,69.08,85,100,12.93,overcast clouds
72,puri,IN,19.8,85.85,77.52,78,55,9.44,broken clouds
73,kaitangata,NZ,-46.2817,169.8464,42.87,80,95,17.58,overcast clouds
74,atambua,ID,-9.1061,124.8925,84.72,56,94,2.17,overcast clouds
75,lebu,CL,-37.6167,-73.65,50.88,91,100,10.92,overcast clouds
76,raga,SS,8.4596,25.678,69.01,93,100,1.68,light rain
77,mount gambier,AU,-37.8333,140.7667,60.71,94,100,14.97,overcast clouds
78,hobart,AU,-42.8794,147.3294,59.25,70,75,17.27,broken clouds
79,zhuhai,CN,22.2769,113.5678,89.85,79,40,10.36,scattered clouds
80,vaini,TO,-21.2,-175.2,76.6,83,100,8.68,light rain
81,san pedro de uraba,CO,8.2752,-76.3764,74.52,91,100,3.47,overcast clouds
82,harper,LR,4.375,-7.7169,75.85,91,100,4.68,light rain
83,kapaa,US,22.0752,-159.319,80.92,71,75,12.66,light rain
84,baley,RU,51.6,116.6333,32.31,44,0,5.32,clear sky
85,anadyr,RU,64.75,177.4833,45.1,100,75,22.37,light intensity shower rain
86,ayolas,PY,-27.4,-56.9,68.13,98,93,6.82,light rain
87,abu samrah,SY,35.3029,37.1841,65.46,63,0,2.37,clear sky
88,haines junction,CA,60.7522,-137.5108,46.99,90,80,6.11,broken clouds
89,thompson,CA,55.7435,-97.8558,28.56,86,75,13.8,broken clouds
90,rulenge,TZ,-2.7175,30.6325,62.94,72,70,0.94,broken clouds
91,walvis bay,NA,-22.9575,14.5053,52.75,92,0,9.4,clear sky
92,ornskoldsvik,SE,63.2909,18.7153,50.95,87,100,19.57,light rain
93,georgetown,MY,5.4112,100.3354,82.89,84,20,3.44,moderate rain
94,poum,NC,-20.2333,164.0167,75.07,59,96,9.28,overcast clouds
95,qasigiannguit,GL,68.8193,-51.1922,25.05,79,100,3.4,overcast clouds
96,gorele,TR,41.0308,39.0031,62.26,89,100,3.8,overcast clouds
97,solwezi,ZM,-12.1688,26.3894,59.32,28,34,4.43,scattered clouds
98,yellowknife,CA,62.456,-114.3525,37.56,74,52,15.01,broken clouds
99,seoul,KR,37.5683,126.9778,65.59,63,50,2.53,scattered clouds
100,asau,RO,46.4333,26.4,42.28,78,100,6.02,overcast clouds
101,hun,LY,29.1268,15.9477,68.16,71,0,5.44,clear sky
102,pimentel,PE,-6.8367,-79.9342,61.29,85,34,15.77,scattered clouds
103,avarua,CK,-21.2078,-159.775,78.85,65,20,18.41,few clouds
104,codrington,AU,-38.2667,141.9667,63.3,81,100,12.88,overcast clouds
105,barcelos,PT,41.5388,-8.6151,65.91,84,100,4.56,overcast clouds
106,puerto ayora,EC,-0.7393,-90.3518,67.55,92,95,5.99,overcast clouds
107,ribeira grande,PT,38.5167,-28.7,71.06,83,96,4.52,overcast clouds
108,clyde river,CA,70.4692,-68.5914,23.29,83,99,10.96,light snow
109,el campo,US,29.1966,-96.2697,75.49,64,0,4.61,clear sky
110,kismayo,SO,-0.3582,42.5454,76.71,87,32,11.56,scattered clouds
111,dikson,RU,73.5069,80.5464,31.84,88,100,12.33,overcast clouds
112,olafsvik,IS,64.8945,-23.7142,44.29,71,97,11.48,overcast clouds
113,port hedland,AU,-20.3167,118.5667,84.25,39,5,9.22,clear sky
114,talnakh,RU,69.4865,88.3972,31.21,95,100,3.98,overcast clouds
115,neiafu,TO,-18.65,-173.9833,83.08,74,75,9.22,broken clouds
116,east london,ZA,-33.0153,27.9116,63.61,83,100,10.89,overcast clouds
117,ostrovnoy,RU,68.0531,39.5131,46.02,82,88,17.58,overcast clouds
118,avera,US,33.194,-82.5271,57.9,38,63,1.88,broken clouds
119,nicoya,CR,10.1483,-85.452,75.56,92,100,2.71,overcast clouds
120,souillac,MU,-20.5167,57.5167,71.98,78,75,9.22,broken clouds
121,aykhal,RU,66.0,111.5,19.96,94,79,8.48,broken clouds
122,thinadhoo,MV,0.5333,72.9333,82.51,74,99,19.06,overcast clouds
123,srednekolymsk,RU,67.45,153.6833,23.07,93,100,25.99,snow
124,ambanja,MG,-13.6833,48.45,68.72,77,19,3.74,few clouds
125,new norfolk,AU,-42.7826,147.0587,58.91,61,100,11.65,overcast clouds
126,kostyantynivka,UA,48.5277,37.7069,45.32,81,61,5.5,broken clouds
127,ust-koksa,RU,50.2696,85.6108,37.49,59,94,1.16,overcast clouds
128,palaia fokaia,GR,37.72,23.9463,65.35,55,0,25.1,clear sky
129,saint-philippe,RE,-21.3585,55.7679,63.99,77,40,11.54,scattered clouds
130,yambio,SS,4.5721,28.3955,66.4,98,79,2.66,broken clouds
131,xuddur,SO,4.1213,43.8894,71.76,81,66,12.41,broken clouds
132,preobrazheniye,RU,42.9019,133.9064,49.39,29,11,3.11,few clouds
133,ansalta,RU,42.6894,46.1178,54.41,91,75,0.89,broken clouds
134,siniscola,IT,40.5719,9.6922,53.15,68,12,4.16,few clouds
135,severo-kurilsk,RU,50.6789,156.125,46.78,51,33,11.52,scattered clouds
136,hasaki,JP,35.7333,140.8333,59.29,83,100,26.31,overcast clouds
137,tondon,GN,10.3667,-13.35,72.88,98,12,0.89,light rain
138,la palma,US,33.8464,-118.0467,80.11,82,20,9.22,few clouds
139,hithadhoo,MV,-0.6,73.0833,82.42,74,100,20.51,overcast clouds
140,saint-augustin,CA,51.226,-58.6502,49.75,94,67,4.88,broken clouds
141,launceston,AU,-41.45,147.1667,57.61,71,75,16.11,broken clouds
142,rocha,UY,-34.4833,-54.3333,54.36,95,100,7.52,overcast clouds
143,mahebourg,MU,-20.4081,57.7,71.89,78,75,9.22,broken clouds
144,saint-pierre,RE,-21.3393,55.4781,62.28,67,0,3.44,clear sky
145,plettenberg bay,ZA,-34.0527,23.3716,53.22,86,0,6.38,clear sky
146,aljustrel,PT,37.8776,-8.1652,64.99,50,0,4.83,clear sky
147,mana,GF,5.6592,-53.7767,78.85,85,7,10.11,clear sky
148,malanje,AO,-9.5402,16.341,64.22,88,92,0.74,overcast clouds
149,tautira,PF,-17.7333,-149.15,76.57,71,68,23.71,broken clouds
150,iqaluit,CA,63.7506,-68.5145,31.73,100,100,0.0,light snow
151,hami,CN,42.8,93.45,56.62,29,0,6.62,clear sky
152,san juan,AR,-31.5375,-68.5364,57.11,52,21,5.03,few clouds
153,cayenne,GF,4.9333,-52.3333,77.04,88,0,0.0,clear sky
154,sulangan,PH,11.1373,123.7228,83.26,74,31,7.94,scattered clouds
155,richards bay,ZA,-28.783,32.0377,72.16,87,64,13.65,broken clouds
156,inverell,AU,-29.7833,151.1167,61.11,81,100,5.01,overcast clouds
157,brandfort,ZA,-28.7001,26.4597,53.01,29,44,6.55,scattered clouds
158,alofi,NU,-19.0595,-169.9187,82.29,69,40,12.66,scattered clouds
159,copiapo,CL,-27.3667,-70.3333,51.49,67,0,0.74,clear sky
160,katsuura,JP,35.1333,140.3,60.22,91,100,22.97,overcast clouds
161,namatanai,PG,-3.6667,152.4333,84.72,69,87,9.37,light rain
162,cidreira,BR,-30.1811,-50.2056,63.41,84,100,21.72,overcast clouds
163,digras,IN,20.1167,77.7167,76.17,88,86,1.66,light rain
164,blagoyevo,RU,63.3667,47.9167,42.96,96,100,3.09,overcast clouds
165,ahipara,NZ,-35.1667,173.1667,55.56,55,89,18.3,overcast clouds
166,bethel,US,41.3712,-73.414,59.54,89,100,5.01,overcast clouds
167,bauchi,NG,10.5,10.0,73.45,74,88,3.71,overcast clouds
168,sovetskiy,RU,61.3614,63.5842,39.67,77,97,4.88,overcast clouds
169,vao,NC,-22.6667,167.4833,70.99,60,97,12.1,overcast clouds
170,gariaband,IN,20.635,82.0614,75.83,89,99,4.12,overcast clouds
171,maragogi,BR,-9.0122,-35.2225,75.52,90,7,7.25,clear sky
172,storforshei,NO,66.4043,14.5233,46.18,87,75,6.91,light intensity drizzle
173,nuuk,GL,64.1835,-51.7216,36.21,80,100,2.3,overcast clouds
174,beauceville,CA,46.2179,-70.7787,47.5,81,0,0.0,clear sky
175,ancud,CL,-41.8697,-73.8203,48.02,86,95,10.89,light rain
176,broken hill,AU,-31.95,141.4333,78.21,23,0,14.2,clear sky
177,kuhdasht,IR,33.535,47.6061,65.97,18,0,4.56,clear sky
178,emmaus,US,40.5395,-75.4968,59.45,87,40,8.05,scattered clouds
179,gat,IL,31.61,34.7642,73.4,100,2,4.12,clear sky
180,constitucion,CL,-35.3333,-72.4167,49.17,87,75,5.66,broken clouds
181,batagay-alyta,RU,67.8006,130.4114,21.99,78,97,12.48,overcast clouds
182,toribio,CO,2.9548,-76.2684,59.95,97,100,1.72,overcast clouds
183,cervo,ES,43.6702,-7.4101,62.08,87,100,16.11,overcast clouds
184,guerrero negro,MX,27.9769,-114.0611,70.59,78,0,11.9,clear sky
185,padang,ID,-0.9492,100.3543,78.85,82,97,6.29,overcast clouds
186,xiaoweizhai,CN,26.1903,107.5125,74.66,76,59,7.83,broken clouds
187,chipinge,ZW,-20.1883,32.6236,61.09,64,0,4.07,clear sky
188,natalinsk,RU,56.4739,57.8698,45.99,69,100,5.86,overcast clouds
189,pevek,RU,69.7008,170.3133,31.8,95,100,9.8,light snow
190,surenavan,AM,39.75,44.8,71.1,22,92,6.93,overcast clouds
191,bairiki,KI,1.3292,172.9752,86.0,70,40,14.97,scattered clouds
192,anlu,CN,31.1661,112.5831,47.73,93,100,12.93,overcast clouds
193,beira,MZ,-19.8436,34.8389,71.69,94,40,4.61,scattered clouds
194,yerofey pavlovich,RU,53.9667,121.9667,35.42,38,78,4.5,broken clouds
195,narsaq,GL,60.9167,-46.05,35.82,91,21,5.5,few clouds
196,masuguru,TZ,-11.3667,38.4167,67.59,90,2,3.31,clear sky
197,leningradskiy,RU,69.3833,178.4167,31.41,90,100,9.73,overcast clouds
198,ponta do sol,PT,32.6667,-17.1,70.43,84,22,6.22,few clouds
199,daru,PG,-9.0763,143.2092,82.53,82,97,15.57,overcast clouds
200,houma,US,29.5958,-90.7195,71.01,84,0,0.0,clear sky
201,khatanga,RU,71.9667,102.5,6.46,99,100,4.05,overcast clouds
202,bathsheba,BB,13.2167,-59.5167,81.21,83,75,13.8,broken clouds
203,maniitsoq,GL,65.4167,-52.9,32.52,67,89,11.95,overcast clouds
204,hurricane,US,37.1753,-113.2899,81.01,29,37,3.27,scattered clouds
205,sorong,ID,-0.8833,131.25,83.16,74,30,3.51,scattered clouds
206,havoysund,NO,70.9963,24.6622,44.83,83,100,15.43,overcast clouds
207,dunedin,NZ,-45.8742,170.5036,41.05,85,100,23.29,overcast clouds
208,orje,NO,59.4802,11.6602,51.13,86,18,10.85,few clouds
209,sola,VU,-13.8833,167.55,77.67,83,17,3.44,few clouds
210,san quintin,MX,30.4833,-115.95,68.85,82,59,6.62,broken clouds
211,longyearbyen,SJ,78.2186,15.6401,39.04,75,40,11.5,scattered clouds
212,opuwo,NA,-18.0607,13.84,67.32,34,0,4.34,clear sky
213,butaritari,KI,3.0707,172.7902,82.31,72,8,13.71,clear sky
214,placido de castro,BR,-10.3353,-67.1856,76.03,80,33,3.09,scattered clouds
215,nanortalik,GL,60.1432,-45.2371,37.92,88,36,14.72,scattered clouds
216,tortoli,IT,39.9256,9.6572,64.22,55,0,11.5,clear sky
217,kloulklubed,PW,7.0419,134.2556,86.5,72,14,9.04,few clouds
218,faanui,PF,-16.4833,-151.75,78.03,75,3,25.14,clear sky
219,isangel,VU,-19.55,169.2667,82.51,74,75,11.5,broken clouds
220,kuusamo,FI,65.9667,29.1833,44.64,100,100,16.11,light intensity drizzle
221,caravelas,BR,-17.7125,-39.2481,74.57,85,66,6.51,broken clouds
222,iskateley,RU,67.6803,53.1512,43.38,95,100,9.35,overcast clouds
223,shingu,JP,33.7333,135.9833,66.31,72,100,4.38,overcast clouds
224,airai,TL,-8.9266,125.4092,74.23,52,94,3.6,overcast clouds
225,sungairaya,ID,0.7,108.9,76.68,89,100,3.31,overcast clouds
226,santa maria,BR,-29.6842,-53.8069,60.89,95,100,11.48,moderate rain
227,cabo san lucas,MX,22.8909,-109.9124,83.61,69,0,6.91,clear sky
228,karangasem,ID,-8.45,115.6167,78.19,86,100,9.57,overcast clouds
229,ngong,KE,-1.3618,36.6566,58.78,80,96,6.42,overcast clouds
230,portland,US,45.5234,-122.6762,67.93,76,20,4.61,few clouds
231,buraydah,SA,26.326,43.975,68.45,17,0,5.66,clear sky
232,vila velha,BR,-20.3297,-40.2925,75.15,88,100,5.75,overcast clouds
233,mangan,IN,27.5167,88.5333,72.3,87,100,0.6,overcast clouds
234,ayr,GB,55.4627,-4.6339,53.58,76,24,26.46,few clouds
235,severnoye,RU,56.3491,78.3619,41.43,95,100,0.76,overcast clouds
236,esperance,AU,-33.8667,121.9,57.96,57,24,21.41,few clouds
237,kindu,CD,-2.95,25.95,68.68,95,100,1.74,overcast clouds
238,torbay,CA,47.6666,-52.7314,52.27,87,0,14.97,clear sky
239,quesnel,CA,52.9999,-122.5029,59.65,70,11,4.94,few clouds
240,goderich,CA,43.7501,-81.7165,59.92,88,100,3.44,overcast clouds
241,lewistown,US,40.5992,-77.5714,54.34,87,0,0.0,clear sky
242,touros,BR,-5.1989,-35.4608,76.78,85,10,10.71,clear sky
243,bushenyi,UG,-0.5853,30.2114,57.87,93,66,1.07,broken clouds
244,tezu,IN,27.9167,96.1667,74.08,97,99,1.52,overcast clouds
245,paciran,ID,-6.8767,112.3761,82.76,71,88,5.14,overcast clouds
246,quelimane,MZ,-17.8786,36.8883,75.15,88,20,3.44,few clouds
247,fairbanks,US,64.8378,-147.7164,48.22,71,0,0.0,clear sky
248,flin flon,CA,54.7682,-101.865,32.04,51,0,4.97,clear sky
249,verkhnyaya inta,RU,65.9811,60.3094,41.23,96,100,1.81,light rain
250,west bay,KY,19.3667,-81.4167,84.27,75,75,6.91,broken clouds
251,coihaique,CL,-45.5752,-72.0662,42.75,87,100,0.0,light rain
252,zhenlai,CN,45.8495,123.2973,45.54,26,0,6.13,clear sky
253,riyadh,SA,24.6877,46.7219,73.54,16,0,1.97,clear sky
254,kutum,SD,14.2,24.6667,76.1,34,26,3.56,scattered clouds
255,ketchikan,US,55.3422,-131.6461,59.47,94,100,5.75,overcast clouds
256,ha tinh,VN,18.3333,105.9,80.87,82,67,2.48,broken clouds
257,ilulissat,GL,69.2167,-51.1,24.82,58,100,0.0,overcast clouds
258,marsh harbour,BS,26.5412,-77.0636,79.52,65,62,11.34,broken clouds
259,gerash,IR,27.6652,54.1371,64.54,18,0,4.43,clear sky
260,davila,PH,18.4726,120.5763,87.78,67,6,8.93,clear sky
261,nouadhibou,MR,20.931,-17.0347,80.58,47,66,19.57,broken clouds
262,thiers,FR,45.8333,3.5,57.52,84,0,1.81,clear sky
263,cheney,US,47.4874,-117.5758,72.18,44,75,3.44,broken clouds
264,aklavik,CA,68.2191,-135.0107,35.35,92,100,14.43,overcast clouds
265,harnosand,SE,62.6323,17.9379,51.01,86,100,20.76,light rain
266,jalu,LY,29.0331,21.5482,70.83,50,8,10.2,clear sky
267,mount hagen,PG,-5.8581,144.2274,73.49,66,100,3.44,overcast clouds
268,benguela,AO,-12.5763,13.4055,70.79,85,97,5.86,overcast clouds
269,cape coast,GH,5.1053,-1.2466,75.38,92,100,9.06,overcast clouds
270,pueblo,US,38.2545,-104.6091,61.29,64,20,5.75,few clouds
271,rio gallegos,AR,-51.6226,-69.2181,44.65,57,0,9.22,clear sky
272,yarmouth,US,41.7057,-70.2286,60.94,95,100,14.97,overcast clouds
273,nanning,CN,22.8167,108.3167,82.85,67,13,8.72,few clouds
274,victoria,HK,22.2855,114.1577,88.25,71,51,11.01,broken clouds
275,galesong,ID,-5.3166,119.3661,84.22,73,100,5.28,overcast clouds
276,belmonte,BR,-15.8631,-38.8828,74.25,86,19,9.24,few clouds
277,labuhan,ID,-6.8844,112.2051,83.88,68,75,8.34,broken clouds
278,chernyshevskiy,RU,63.0128,112.4714,29.28,79,100,7.11,overcast clouds
279,bopfingen,DE,48.85,10.35,55.56,87,49,5.79,scattered clouds
280,cap malheureux,MU,-19.9842,57.6142,68.47,76,11,1.99,few clouds
281,kenai,US,60.5544,-151.2583,55.09,72,75,9.22,light rain
282,hambantota,LK,6.1241,81.1185,80.58,76,100,20.15,overcast clouds
283,vaitape,PF,-16.5167,-151.75,78.03,75,3,25.08,clear sky
284,mahanje,TZ,-9.9333,35.3333,56.82,72,24,2.93,few clouds
285,goya,AR,-29.14,-59.2626,63.52,96,86,1.43,light rain
286,say,NE,13.1007,2.3689,77.56,64,23,8.63,few clouds
287,oranjemund,NA,-28.55,16.4333,53.44,92,7,8.21,clear sky
288,hopkinsville,US,36.8656,-87.4886,60.84,60,21,4.03,few clouds
289,verkhoyansk,RU,67.5447,133.385,24.66,90,100,6.73,light snow
290,pangnirtung,CA,66.1451,-65.7125,30.92,93,100,2.91,light snow
291,kamaishi,JP,39.2667,141.8833,58.08,52,100,3.4,overcast clouds
292,havelock,US,34.8791,-76.9013,62.58,91,0,4.61,clear sky
293,asfi,MA,32.2994,-9.2372,67.59,83,0,6.64,clear sky
294,chernyshevsk,RU,52.5243,117.0174,34.99,40,12,6.11,few clouds
295,muswellbrook,AU,-32.2667,150.9,60.44,83,100,3.22,overcast clouds
296,henties bay,NA,-22.116,14.2845,54.59,92,61,10.89,broken clouds
297,itacare,BR,-14.2775,-38.9967,73.0,88,6,4.54,clear sky
298,berlevag,NO,70.8578,29.0864,42.8,81,100,18.41,overcast clouds
299,dale,US,38.1689,-86.99,55.9,62,0,3.44,clear sky
300,narsipatnam,IN,17.6667,82.6167,75.97,95,100,4.56,light rain
301,alice springs,AU,-23.7,133.8833,89.15,40,0,16.11,clear sky
302,sorland,NO,67.667,12.6934,48.06,84,100,34.38,overcast clouds
303,maceio,BR,-9.6658,-35.7353,72.84,100,40,1.14,scattered clouds
304,canon city,US,38.441,-105.2424,58.87,63,40,4.61,scattered clouds
305,port hardy,CA,50.6996,-127.4199,62.78,77,20,6.91,few clouds
306,dudinka,RU,69.4058,86.1778,31.62,94,100,2.15,overcast clouds
307,faya,SA,18.3851,42.4509,68.11,31,47,6.93,scattered clouds
308,zhigansk,RU,66.7697,123.3711,24.73,80,100,26.08,overcast clouds
309,madera,US,37.1666,-119.8343,84.29,31,0,1.01,clear sky
310,glendive,US,47.1053,-104.7125,58.62,56,0,9.22,clear sky
311,hualmay,PE,-11.0964,-77.6139,61.25,79,23,9.42,few clouds
312,bria,CF,6.5423,21.9863,68.25,98,100,1.01,light rain
313,sao filipe,CV,14.8961,-24.4956,78.19,86,54,13.62,broken clouds
314,pombia,IT,45.653,8.6336,59.09,91,0,4.61,clear sky
315,tiznit,MA,29.5833,-9.5,69.21,56,95,1.16,overcast clouds
316,macaubas,BR,-13.0194,-42.6986,77.14,37,52,4.97,broken clouds
317,rudnogorsk,RU,57.2639,103.7519,31.93,91,100,5.21,light snow
318,micheweni,TZ,-4.9667,39.8333,74.14,85,17,9.4,few clouds
319,nadym,RU,65.5333,72.5167,31.55,88,25,10.04,scattered clouds
320,lagos,NG,6.5833,3.75,77.32,96,82,4.29,moderate rain
321,udachnyy,RU,66.4167,112.4,19.6,93,94,11.03,overcast clouds
322,mikuni,JP,36.2171,136.1519,64.31,77,100,17.56,moderate rain
323,puerto madryn,AR,-42.7692,-65.0385,65.3,28,100,18.3,overcast clouds
324,luderitz,NA,-26.6481,15.1594,53.58,77,6,14.12,clear sky
325,luwingu,ZM,-10.2621,29.9271,60.53,47,64,5.1,broken clouds
326,saldanha,ZA,-33.0117,17.9442,56.26,77,100,4.34,overcast clouds
327,vestmannaeyjar,IS,63.4427,-20.2734,44.94,68,46,13.27,scattered clouds
328,shamilkala,RU,42.6858,46.8639,60.66,93,100,3.83,overcast clouds
329,smithers,CA,54.7804,-127.1743,57.52,72,75,6.91,broken clouds
330,ano mera,GR,37.45,25.4,66.42,63,0,31.34,clear sky
331,saint anthony,US,45.0205,-93.218,64.81,82,0,3.44,clear sky
332,estelle,US,29.8458,-90.1067,75.99,70,14,5.61,few clouds
333,menongue,AO,-14.6585,17.691,62.29,30,85,5.17,overcast clouds
334,ceska kamenice,CZ,50.7978,14.4177,55.4,88,78,4.61,broken clouds
335,palu,ID,-0.8917,119.8707,86.94,66,100,1.66,overcast clouds
336,hay river,CA,60.8156,-115.7999,44.58,61,20,10.36,few clouds
337,tadine,NC,-21.55,167.8833,75.18,55,100,13.67,overcast clouds
338,qaqortoq,GL,60.7167,-46.0333,33.66,85,10,8.19,clear sky
339,sarkand,KZ,45.41,79.9186,53.29,33,0,2.68,clear sky
340,port augusta,AU,-32.5,137.7667,79.34,31,1,12.17,clear sky
341,sarny,UA,51.338,26.6019,47.68,83,100,8.9,overcast clouds
342,vestmanna,FO,62.1564,-7.1664,47.32,76,75,20.71,light rain
343,pringsewu,ID,-5.3582,104.9744,79.48,79,97,2.35,overcast clouds
344,lakes entrance,AU,-37.8811,147.981,66.16,67,96,12.93,overcast clouds
345,ambikapur,IN,23.1167,83.2,73.63,86,67,8.93,broken clouds
346,belaya gora,RU,68.5333,146.4167,22.73,79,100,15.03,overcast clouds
347,polkowice,PL,51.5039,16.0726,58.89,66,67,12.84,broken clouds
348,atbasar,KZ,51.8,68.3333,46.56,42,100,7.07,overcast clouds
349,causapscal,CA,48.3542,-67.227,50.11,80,41,4.18,scattered clouds
350,college,US,64.8569,-147.8028,48.2,71,40,0.0,scattered clouds
351,sarangani,PH,5.4033,125.4636,83.41,75,59,15.35,broken clouds
352,comodoro rivadavia,AR,-45.8667,-67.5,51.66,50,0,9.22,clear sky
353,aljezur,PT,37.3191,-8.8033,67.14,57,0,6.8,clear sky
354,rancho palos verdes,US,33.7445,-118.387,72.0,88,40,11.5,scattered clouds
355,udaipur,IN,24.5712,73.6918,74.3,49,49,3.4,scattered clouds
356,luis correia,BR,-2.8792,-41.6669,78.22,82,4,15.3,clear sky
357,te anau,NZ,-45.4167,167.7167,41.86,82,100,2.91,overcast clouds
358,grand gaube,MU,-20.0064,57.6608,72.0,76,8,1.99,clear sky
359,kalengwa,ZM,-13.4659,25.0027,62.1,23,5,5.3,clear sky
360,coahuayana,MX,18.7333,-103.6833,77.41,89,63,0.67,broken clouds
361,mahibadhoo,MV,3.7833,72.9667,80.96,77,100,17.34,overcast clouds
362,lovozero,RU,68.005,35.0117,43.57,96,100,8.59,overcast clouds
363,bengkulu,ID,-3.8004,102.2655,81.46,68,23,1.19,few clouds
364,lerwick,GB,60.1545,-1.1494,53.6,76,83,28.48,broken clouds
365,japura,ID,-0.3167,102.35,82.15,74,97,0.65,overcast clouds
366,vero beach,US,27.6386,-80.3973,77.99,74,0,4.61,clear sky
367,arona,ES,28.0996,-16.681,70.92,85,0,9.22,clear sky
368,kruisfontein,ZA,-34.0033,24.7314,52.88,90,0,5.88,clear sky
369,wote,KE,-1.7808,37.6288,64.24,86,100,5.95,light rain
370,lebedinyy,RU,58.5167,125.5167,25.14,95,100,17.25,snow
371,medea,DZ,36.2642,2.7539,57.63,66,35,5.57,scattered clouds
372,moranbah,AU,-22.0016,148.0466,84.22,41,8,12.88,clear sky
373,wakema,MM,16.6,95.1833,82.11,77,86,4.07,overcast clouds
374,iranshahr,IR,27.2025,60.6848,77.34,15,0,4.61,clear sky
375,timiryazevskiy,RU,56.49,84.8769,35.1,93,100,3.4,overcast clouds
376,ploemeur,FR,47.7333,-3.4333,53.62,93,0,0.0,clear sky
377,ous,RU,60.9058,61.5186,42.01,67,100,4.47,overcast clouds
378,mangrol,IN,21.1167,70.1167,80.01,76,15,10.94,few clouds
379,vieux-habitants,GP,16.0589,-61.7659,80.17,78,97,13.56,overcast clouds
380,yenagoa,NG,4.9247,6.2642,74.46,95,88,3.98,overcast clouds
381,cabra,ES,37.4725,-4.4421,65.1,69,0,4.72,clear sky
382,yar-sale,RU,66.8333,70.8333,32.86,90,98,11.77,overcast clouds
383,macau,MO,22.2006,113.5461,90.86,79,40,10.36,scattered clouds
384,tres arroyos,AR,-38.3739,-60.2798,55.31,65,100,4.65,overcast clouds
385,cairns,AU,-16.9167,145.7667,88.11,68,75,12.66,broken clouds
386,myaundzha,RU,63.0494,147.1858,16.29,74,100,10.36,overcast clouds
387,yuancheng,CN,36.652,107.7896,50.18,56,100,4.38,overcast clouds
388,pemangkat,ID,1.1667,108.9667,78.89,82,100,3.71,overcast clouds
389,kanniyakumari,IN,8.0833,77.5667,78.53,80,100,15.95,moderate rain
390,tynda,RU,55.1667,124.7167,32.68,55,94,11.16,overcast clouds
391,chone,EC,-0.6833,-80.1,72.7,80,60,6.69,broken clouds
392,urucara,BR,-2.5364,-57.76,80.8,63,81,2.17,broken clouds
393,lompoc,US,34.6391,-120.4579,73.54,95,100,6.91,fog
394,kokstad,ZA,-30.5472,29.4241,60.73,48,96,3.83,overcast clouds
395,bereda,ES,43.2686,-7.5406,59.41,100,100,7.43,overcast clouds
396,kavieng,PG,-2.5744,150.7967,84.61,71,91,14.18,light rain
397,boffa,GN,10.1667,-14.0333,71.51,93,84,2.57,light rain
398,san patricio,US,28.017,-97.5169,80.46,57,7,8.41,clear sky
399,necochea,AR,-38.5473,-58.7368,53.17,87,100,2.93,overcast clouds
400,vostok,RU,46.4856,135.8833,37.65,41,49,13.13,scattered clouds
401,isilkul,RU,54.9109,71.2728,44.53,43,100,7.25,overcast clouds
402,joshimath,IN,30.5667,79.5667,66.45,45,1,1.95,clear sky
403,itarema,BR,-2.9248,-39.9167,78.28,83,11,15.3,few clouds
404,joao pinheiro,BR,-17.7425,-46.1725,74.93,59,63,2.3,broken clouds
405,san cristobal,VE,7.7669,-72.225,71.78,96,100,2.24,overcast clouds
406,kapit,MY,2.0167,112.9333,83.73,74,86,0.58,overcast clouds
407,salinopolis,BR,-0.6136,-47.3561,80.42,79,3,12.1,clear sky
408,saint-louis,SN,16.3333,-15.0,83.37,65,13,11.83,few clouds
409,banepa,NP,27.6298,85.5214,64.72,100,100,3.44,thunderstorm with rain
410,cocachacra,PE,-17.0883,-71.7575,59.07,82,5,5.41,clear sky
411,cascais,PT,38.6979,-9.4215,67.93,88,4,23.0,clear sky
412,poya,NC,-21.35,165.15,78.67,51,85,9.01,overcast clouds
413,lavrentiya,RU,65.5833,-171.0,38.77,93,100,34.11,light rain
414,paita,PE,-5.0892,-81.1144,62.56,84,1,14.09,clear sky
415,fare,PF,-16.7,-151.0167,77.72,75,0,25.57,clear sky
416,hastings,GB,50.8552,0.5729,54.28,83,0,15.73,clear sky
417,kota belud,MY,6.351,116.4305,85.26,63,89,3.94,overcast clouds
418,cortez,US,37.3489,-108.5859,53.69,88,100,4.61,overcast clouds
419,grootfontein,NA,-19.5667,18.1167,63.97,27,52,3.44,broken clouds
420,saint-joseph,RE,-21.3667,55.6167,61.18,76,16,11.16,few clouds
421,kamina,CD,-8.7386,24.9906,65.28,73,100,4.59,overcast clouds
422,tecoanapa,MX,16.5167,-98.75,79.75,80,6,5.17,clear sky
423,chuy,UY,-33.6971,-53.4616,59.14,82,100,11.99,overcast clouds
424,ust-kulom,RU,61.6864,53.6902,41.88,90,100,6.17,overcast clouds
425,lamin,GM,13.3522,-16.4339,78.91,82,25,10.04,scattered clouds
426,kudahuvadhoo,MV,2.6708,72.8944,81.25,77,93,17.81,overcast clouds
427,bang saphan,TH,11.2126,99.5117,77.9,90,100,3.47,overcast clouds
428,del rio,US,29.3627,-100.8968,78.91,51,0,4.61,clear sky
429,takoradi,GH,4.8845,-1.7554,74.93,93,55,8.01,broken clouds
430,ponta delgada,PT,37.7333,-25.6667,70.5,88,20,6.91,few clouds
431,chino valley,US,34.7575,-112.4538,70.81,43,100,4.61,overcast clouds
432,mackay,AU,-21.15,149.2,76.68,73,71,14.9,broken clouds
433,belmopan,BZ,17.25,-88.7667,71.13,99,71,2.91,broken clouds
434,suileng,CN,47.25,127.0833,45.5,24,0,7.76,clear sky
435,tiksi,RU,71.6872,128.8694,24.51,82,100,16.2,overcast clouds
436,whitianga,NZ,-36.8333,175.7,55.13,51,20,17.92,few clouds
437,burayevo,RU,55.8407,55.4083,47.34,65,100,11.34,overcast clouds
438,buala,SB,-8.145,159.5921,85.8,58,89,7.05,overcast clouds
439,mihail eminescu,RO,47.7833,26.9167,53.4,59,100,2.86,overcast clouds
440,norman wells,CA,65.282,-126.8329,46.44,66,75,4.61,broken clouds
441,sambava,MG,-14.2667,50.1667,67.91,88,2,10.13,clear sky
442,wajima,JP,37.4,136.9,59.68,77,75,9.22,light rain
443,cravo norte,CO,6.3017,-70.2041,82.02,71,68,1.39,broken clouds
444,melbourne,US,28.0836,-80.6081,76.96,78,75,6.91,broken clouds
445,lobatse,BW,-25.2167,25.6667,65.88,45,0,7.58,clear sky
446,bethanien,NA,-26.502,17.1583,61.2,25,5,4.34,clear sky
447,laguna,US,38.421,-121.4238,85.32,47,0,4.61,clear sky
448,lensk,RU,60.7253,114.9278,34.2,68,50,12.39,scattered clouds
449,chumikan,RU,54.7183,135.315,37.69,46,73,20.78,broken clouds
450,cabimas,VE,10.3883,-71.4399,80.83,83,99,11.59,overcast clouds
451,akcakoca,TR,41.0866,31.1162,57.09,82,53,5.12,broken clouds
452,brylivka,UA,46.4248,33.1472,53.35,62,100,3.2,overcast clouds
453,presidencia roque saenz pena,AR,-26.7852,-60.4388,66.63,98,100,10.36,moderate rain
454,san policarpo,PH,12.1791,125.5072,84.87,72,41,7.72,moderate rain
455,porto novo,BJ,6.4965,2.6036,78.62,91,55,5.5,broken clouds
456,pavlivka,UA,49.4414,28.4596,48.13,68,100,6.78,overcast clouds
457,kushima,JP,31.4583,131.2333,77.58,66,66,7.63,broken clouds
458,soto la marina,MX,23.7667,-98.2167,74.77,79,12,4.14,few clouds
459,dabat,ET,12.9842,37.765,52.02,75,30,5.59,scattered clouds
460,torbat-e jam,IR,35.244,60.6225,53.71,15,0,12.33,clear sky
461,timizart,DZ,36.8,4.2667,65.07,71,22,3.4,few clouds
462,waikuku,NZ,-43.3,172.6833,50.02,45,83,3.0,broken clouds
463,borovoy,RU,55.4333,86.0833,36.68,93,75,8.95,broken clouds
464,aswan,EG,24.0934,32.907,83.5,23,0,5.75,clear sky
465,lethem,GY,3.3803,-59.7968,79.3,73,29,6.51,scattered clouds
466,capitao poco,BR,-1.7464,-47.0594,73.33,86,3,4.59,clear sky
467,dwarka,IN,22.2394,68.9678,81.0,72,16,12.19,few clouds
468,bandarbeyla,SO,9.4942,50.8122,75.87,88,9,19.26,clear sky
469,sayat,TM,38.7839,63.8803,49.87,31,0,10.78,clear sky
470,bukachacha,RU,52.9833,116.9167,34.16,38,16,4.27,few clouds
471,san ramon,US,37.7799,-121.978,80.53,59,0,9.22,clear sky
472,warri,NG,5.5167,5.75,75.43,92,100,3.65,overcast clouds
473,kalianget,ID,-7.05,113.9333,83.75,68,99,6.38,light rain
474,brand-erbisdorf,DE,50.8667,13.3333,58.95,79,53,14.83,broken clouds
475,viransehir,TR,37.2353,39.7631,74.25,37,2,2.64,clear sky
476,pochutla,MX,15.7432,-96.4661,78.82,86,23,3.91,few clouds
477,altoona,US,40.5187,-78.3947,55.22,83,0,3.6,clear sky
478,te karaka,NZ,-38.4654,177.8679,45.91,73,100,7.09,overcast clouds
479,salisbury,GB,51.0693,-1.7957,48.96,87,0,9.22,clear sky
480,santa vitoria do palmar,BR,-33.5189,-53.3681,59.45,82,100,12.48,overcast clouds
481,westport,US,41.1415,-73.3579,61.56,88,20,10.36,few clouds
482,obihiro,JP,42.9172,143.2044,54.81,51,97,15.12,overcast clouds
483,lobito,AO,-12.3481,13.5456,70.88,87,92,7.67,overcast clouds
484,rosarito,MX,32.3333,-117.0333,67.03,81,40,3.18,scattered clouds
485,saint george,US,37.1041,-113.5841,82.94,23,0,3.44,clear sky
486,luziania,BR,-16.2525,-47.9503,71.29,75,38,3.04,scattered clouds
487,meulaboh,ID,4.1363,96.1285,77.4,86,88,2.48,overcast clouds
488,giyon,ET,8.5333,37.9833,52.9,88,44,6.67,scattered clouds
489,gornopravdinsk,RU,60.05,69.9,40.14,98,96,4.61,overcast clouds
490,neyshabur,IR,36.2133,58.7958,57.15,18,0,1.79,clear sky
491,port blair,IN,11.6667,92.75,78.84,89,75,1.14,light rain
492,port elizabeth,ZA,-33.918,25.5701,59.31,87,75,10.36,broken clouds
493,iwanai,JP,42.9744,140.5089,51.3,61,100,12.62,overcast clouds
494,palmer,US,42.1584,-72.3287,59.41,87,100,3.44,overcast clouds
495,beidao,CN,34.5686,105.8933,52.2,88,100,1.81,moderate rain
496,conchal,BR,-22.3303,-47.1725,71.76,74,86,5.59,overcast clouds
497,mitsamiouli,KM,-11.3847,43.2844,74.52,76,5,6.42,clear sky
498,kholmogory,RU,64.2229,41.656,46.22,97,100,3.74,overcast clouds
499,ust-kan,RU,50.9276,84.761,38.66,91,100,2.1,light rain
500,maple creek,CA,49.9168,-109.4848,54.01,62,44,14.97,scattered clouds
501,mount isa,AU,-20.7333,139.5,89.37,35,0,4.61,clear sky
502,belyy yar,RU,53.6039,91.3903,39.09,81,75,4.47,broken clouds
503,tsuruoka,JP,38.7217,139.8217,57.24,67,75,2.3,light rain
504,nueva loja,EC,0.0847,-76.8828,77.49,77,98,2.3,overcast clouds
505,yumen,CN,40.2833,97.2,48.11,40,0,6.26,clear sky
506,boa vista,BR,2.8197,-60.6733,78.78,78,75,5.75,broken clouds
507,adeje,ES,28.1227,-16.726,75.11,86,0,9.22,clear sky
508,agirish,RU,61.9247,63.0231,41.92,83,98,5.01,overcast clouds
509,dauphin,CA,51.1494,-100.0502,37.54,87,100,8.05,overcast clouds
510,komsomolsk-na-amure,RU,50.552,137.0152,42.85,33,45,5.99,scattered clouds
511,kupang,ID,-10.1667,123.5833,91.98,55,20,10.36,few clouds
512,malakal,SS,9.5334,31.6605,68.79,94,87,3.15,light rain
513,baruun-urt,MN,46.6806,113.2792,38.08,27,90,11.79,overcast clouds
514,oriximina,BR,-1.7656,-55.8661,81.36,55,12,4.29,few clouds
515,sitka,US,57.0531,-135.33,57.09,100,100,6.91,moderate rain
516,gotsu,JP,35.0,132.2167,61.75,80,100,5.97,overcast clouds
517,santa rosa,PH,14.3122,121.1114,89.1,68,90,10.2,overcast clouds
518,kihei,US,20.785,-156.4656,84.97,80,40,19.57,scattered clouds
519,biltine,TD,14.5333,20.9167,85.78,23,97,1.99,overcast clouds
520,nambucca heads,AU,-30.65,153.0,66.2,92,100,2.93,overcast clouds
521,preeceville,CA,51.95,-102.6677,34.34,55,15,7.23,few clouds
522,yeppoon,AU,-23.1333,150.7333,78.58,66,46,13.42,scattered clouds
523,salalah,OM,17.0151,54.0924,75.29,88,0,3.44,clear sky
524,myitkyina,MM,25.3833,97.4,76.05,92,66,1.3,broken clouds
525,brae,GB,60.3964,-1.353,50.85,76,63,27.98,broken clouds
526,byron bay,AU,-28.65,153.6167,61.63,89,100,2.26,overcast clouds
527,hurghada,EG,27.2574,33.8129,78.84,47,0,10.36,clear sky
528,phalombe,MW,-15.8064,35.6507,70.0,38,0,2.46,clear sky
529,porto walter,BR,-8.2686,-72.7439,77.56,71,91,2.89,overcast clouds
530,dongsheng,CN,39.8161,109.9776,46.33,22,68,9.13,broken clouds
531,kimbe,PG,-5.5502,150.1429,91.0,54,75,7.7,broken clouds
532,solhan,TR,38.9634,41.0293,59.54,43,0,3.71,clear sky
533,liverpool,GB,53.4106,-2.9779,51.82,83,3,13.8,clear sky
534,aasiaat,GL,68.7098,-52.8699,16.29,87,62,7.2,broken clouds
535,escanaba,US,45.7453,-87.0646,64.71,79,0,5.75,clear sky
536,vila franca do campo,PT,37.7167,-25.4333,70.2,86,96,11.16,overcast clouds
537,rishra,IN,22.7142,88.3478,80.58,83,75,5.75,haze
538,dobeln,DE,51.1167,13.1167,61.97,81,53,15.01,broken clouds
539,hamada,JP,34.8833,132.0833,65.12,79,100,6.29,overcast clouds
540,kununurra,AU,-15.7667,128.7333,94.98,46,40,8.05,scattered clouds
541,kavaratti,IN,10.5669,72.642,81.46,76,100,15.43,overcast clouds
542,barranco,PA,9.5167,-82.7,76.91,90,100,1.66,overcast clouds
543,ordzhonikidze,KZ,52.4411,61.7408,45.95,25,100,9.33,overcast clouds
544,tarrafal,CV,15.2833,-23.7667,77.79,86,34,12.37,scattered clouds
545,wewak,PG,-3.5534,143.6268,83.12,78,92,6.89,overcast clouds
546,fukue,JP,32.6881,128.8419,68.36,83,75,11.5,broken clouds
547,wonthaggi,AU,-38.6044,145.5913,59.32,73,99,6.24,overcast clouds
548,lucapa,AO,-8.4192,20.7447,66.76,90,100,2.19,overcast clouds
549,glens falls,US,43.3095,-73.644,52.14,92,0,3.58,clear sky
550,magistralnyy,RU,56.1725,107.4458,33.96,59,39,4.7,scattered clouds
551,half moon bay,US,37.4636,-122.4286,73.58,84,100,14.97,mist
552,muli,MV,2.9167,73.5667,81.28,78,99,19.26,overcast clouds
553,poquoson,US,37.1224,-76.3458,62.6,92,100,5.75,overcast clouds
554,orlik,RU,52.5178,99.825,31.73,61,85,4.18,overcast clouds
555,visby,SE,57.6409,18.296,58.05,88,20,23.02,few clouds
556,sacile,IT,45.9541,12.5029,61.99,94,100,3.0,overcast clouds
557,beecher,US,43.09,-83.6944,58.26,80,40,0.0,scattered clouds
558,marfino,RU,55.7028,37.3822,45.09,87,75,4.47,broken clouds
559,mabaruma,GY,8.2,-59.7833,74.23,96,77,3.18,broken clouds
560,palembang,ID,-2.9167,104.7458,77.09,94,40,4.61,haze
561,saint-francois,FR,46.4154,3.9054,54.68,94,75,4.61,broken clouds
562,matara,LK,5.9485,80.5353,78.98,83,100,13.76,overcast clouds
563,kieta,PG,-6.2167,155.6333,85.6,62,72,10.07,broken clouds
564,itaqui,BR,-29.1253,-56.5531,65.52,97,100,9.8,light rain
565,yulara,AU,-25.2406,130.9889,84.74,17,0,11.3,clear sky
566,paamiut,GL,61.994,-49.6678,36.66,80,64,9.95,broken clouds
567,obigarm,TJ,38.7173,69.7088,50.27,44,0,4.09,clear sky
568,dukat,RU,62.55,155.55,13.14,84,100,12.08,overcast clouds
569,douglas,US,41.3,-96.167,65.32,74,0,5.75,clear sky
570,meylan,FR,45.2199,5.7901,61.07,94,0,3.02,clear sky
571,najran,SA,17.4924,44.1277,75.85,29,88,0.94,overcast clouds
572,wassenaar,NL,52.1333,4.4,57.94,72,20,10.36,few clouds
573,sao joao da barra,BR,-21.6403,-41.0511,70.83,87,78,9.15,broken clouds
574,omboue,GA,-1.5746,9.2618,75.11,90,88,6.82,overcast clouds
575,hazorasp,UZ,41.3194,61.0742,40.84,28,0,8.79,clear sky
576,champerico,GT,14.3,-91.9167,80.98,76,100,3.11,overcast clouds
577,calabozo,VE,8.9242,-67.4293,75.87,91,100,6.02,overcast clouds
578,kodinsk,RU,58.6881,99.1844,33.91,88,100,3.69,overcast clouds
579,bonavista,CA,48.6499,-53.1147,53.17,78,100,10.83,overcast clouds
580,easton,US,40.6884,-75.2207,59.68,91,0,3.44,clear sky
581,upington,ZA,-28.4478,21.2561,61.18,17,0,6.91,clear sky
582,castlegar,CA,49.2998,-117.6689,64.29,50,85,1.7,overcast clouds
583,biak,ID,-0.9131,122.8766,84.02,65,100,1.21,light rain
584,kensington,AU,-33.9167,151.2167,63.9,93,75,17.27,heavy intensity rain
585,trat,TH,12.5,102.5,76.8,92,100,5.99,overcast clouds
586,solton,RU,52.8429,86.4787,36.52,99,100,6.93,light rain
587,johi,PK,26.6921,67.6133,83.28,56,0,7.4,clear sky
588,kokopo,PG,-4.352,152.2633,86.49,58,100,6.73,overcast clouds
589,manuk mangkaw,PH,4.8,119.85,82.94,74,100,3.96,overcast clouds
590,shubarkuduk,KZ,49.1447,56.4872,49.08,24,100,12.64,overcast clouds
591,mahina,PF,-17.5065,-149.489,83.97,54,75,2.3,broken clouds
592,quatre cocos,MU,-20.2078,57.7625,71.71,80,30,15.12,scattered clouds
593,zeya,RU,53.75,127.2667,39.18,37,26,8.32,scattered clouds
594,jackson,US,42.4165,-122.8345,76.91,50,0,2.3,clear sky
595,bowen,AU,-20.0167,148.2333,78.48,67,7,16.11,clear sky
596,karadaglije,BA,44.5717,18.0183,50.72,62,100,4.88,overcast clouds
597,buckeye,US,33.3703,-112.5838,90.52,28,0,0.0,clear sky
598,marsaxlokk,MT,35.8419,14.5431,68.07,77,20,1.14,few clouds
599,talas,TR,38.6908,35.5538,50.67,76,75,4.61,broken clouds
600,bonoua,CI,5.2741,-3.595,76.62,94,89,4.85,overcast clouds
601,talara,PE,-4.5772,-81.2719,63.25,86,9,16.51,clear sky
602,canandaigua,US,42.8742,-77.288,56.35,85,9,4.12,clear sky
603,doka,SD,13.5167,35.7667,73.62,83,77,5.7,broken clouds
604,porto uniao,BR,-26.2381,-51.0783,60.35,99,100,4.52,overcast clouds
605,nouakchott,MR,18.0858,-15.9785,93.13,63,96,5.93,overcast clouds
606,mormugao,IN,15.4,73.8,78.17,84,100,10.27,overcast clouds
607,voiron,FR,45.3639,5.5921,61.05,92,0,5.01,clear sky
608,mul,IN,20.0667,79.6667,76.26,91,63,3.36,broken clouds
609,hovd,MN,48.0056,91.6419,44.1,25,99,4.72,overcast clouds
610,severnyy,RU,50.677,36.5532,46.44,93,0,8.95,clear sky
611,obernai,FR,48.4631,7.481,59.54,87,0,2.3,clear sky
612,papar,MY,5.7333,115.9333,86.0,64,42,2.1,scattered clouds
613,athabasca,CA,54.7169,-113.2854,39.61,60,99,5.97,overcast clouds
614,nome,US,64.5011,-165.4064,42.87,75,20,14.97,few clouds
615,gamba,GA,-2.65,10.0,75.29,90,98,9.17,light rain
616,man,CI,7.4125,-7.5538,69.06,99,100,1.3,light rain
617,myskhako,RU,44.6714,37.7433,46.18,74,2,7.7,clear sky
618,pangody,RU,65.85,74.4859,31.15,89,60,7.56,broken clouds
619,katangli,RU,51.7102,143.2326,41.65,36,53,16.62,broken clouds
620,poim,RU,53.0264,43.1872,46.27,85,93,10.6,overcast clouds
621,sumkino,RU,58.1108,68.3244,42.46,64,100,4.63,overcast clouds
622,dingle,PH,10.9995,122.6711,85.75,73,63,10.2,broken clouds
623,usinsk,RU,65.9939,57.5281,40.89,92,100,8.66,overcast clouds
624,bougouni,ML,11.417,-7.479,70.2,94,100,3.56,overcast clouds
625,victor harbor,AU,-35.5667,138.6167,70.68,62,0,1.99,clear sky
626,angoche,MZ,-16.2325,39.9086,71.06,84,0,5.3,clear sky
627,potosi,BO,-19.5836,-65.7531,38.82,10,0,9.01,clear sky
628,pochinok,RU,54.4068,32.4407,44.8,97,98,6.42,overcast clouds
629,andros town,BS,24.7,-77.7667,78.76,71,23,13.44,few clouds
630,ust-kut,RU,56.7938,105.7672,33.3,67,92,3.31,overcast clouds
631,choix,MX,26.7092,-108.3219,78.03,62,2,2.33,clear sky
632,nizhnyaya tavda,RU,57.6731,66.1725,43.97,56,100,5.35,overcast clouds
633,kristiansund,NO,63.1115,7.732,53.65,57,100,6.91,light rain
634,ripky,UA,51.801,31.0838,47.59,91,100,6.93,overcast clouds
635,the valley,AI,18.217,-63.0578,83.1,77,7,20.4,clear sky
636,zhezkazgan,KZ,47.8043,67.7144,35.58,32,0,11.18,clear sky
637,montepuez,MZ,-13.1256,38.9997,62.83,98,12,2.98,few clouds
638,polunochnoye,RU,60.8697,60.4153,41.2,74,100,3.29,overcast clouds
639,anzio,IT,41.4853,12.6179,67.01,79,58,6.11,broken clouds
640,zhangjiakou,CN,40.81,114.8794,47.64,18,19,2.01,few clouds
641,ghanzi,BW,-21.5667,21.7833,74.37,18,0,10.38,clear sky
642,kuching,MY,1.55,110.3333,79.02,89,20,2.3,light rain
643,sao bento,BR,-6.2833,-37.75,75.49,64,3,12.55,clear sky
644,susanville,US,40.4163,-120.653,67.12,30,0,3.44,clear sky
645,solnechnyy,RU,50.7214,136.6319,39.27,33,11,11.99,few clouds
646,thunder bay,CA,48.4001,-89.3168,57.18,88,100,8.05,overcast clouds
647,marzuq,YE,14.4,46.4667,70.52,53,25,0.6,scattered clouds
648,aquiraz,BR,-3.9014,-38.3911,80.69,84,44,13.65,scattered clouds
649,cafarnaum,BR,-11.6936,-41.4683,71.15,59,54,12.26,broken clouds
650,kamenka,RU,51.3223,42.7678,44.78,89,80,10.29,broken clouds
651,quchan,IR,37.106,58.5095,49.86,27,0,2.33,clear sky
652,phayao,TH,19.25,100.25,82.42,79,27,1.36,scattered clouds
653,abu zabad,SD,12.35,29.25,76.89,70,63,5.5,broken clouds
654,barranca,PE,-10.75,-77.7667,60.04,81,53,8.66,broken clouds
655,puerto escondido,MX,15.85,-97.0667,80.37,78,17,6.17,few clouds
656,ushtobe,KZ,45.2514,77.9838,46.92,28,0,7.58,clear sky
657,merritt island,US,28.5392,-80.672,75.2,75,0,6.91,clear sky
658,surt,LY,31.2089,16.5887,74.52,64,0,11.03,clear sky
659,tigil,RU,57.8,158.6667,38.44,72,81,28.45,light rain
660,kaka,TM,37.3482,59.6143,56.5,16,0,6.11,clear sky
661,kaffrine,SN,14.1059,-15.5508,76.78,87,9,6.93,clear sky
662,katiola,CI,8.1333,-5.1,74.03,98,86,2.68,moderate rain
663,mgachi,RU,51.05,142.2667,41.07,50,63,14.27,broken clouds
664,dillon,US,34.4166,-79.3712,62.26,66,0,1.9,clear sky
665,pacific grove,US,36.6177,-121.9166,65.01,91,100,4.0,overcast clouds
666,panguna,PG,-6.3164,155.4848,81.55,59,82,5.17,broken clouds
667,havre-saint-pierre,CA,50.2334,-63.5986,48.56,93,100,4.61,overcast clouds
668,krasnyy yar,RU,46.5331,48.3456,58.96,67,100,12.39,overcast clouds
669,kurilsk,RU,45.2333,147.8833,46.42,75,100,15.61,overcast clouds
670,dayong,CN,25.0209,118.2898,84.72,54,26,5.46,scattered clouds
671,grand island,US,40.925,-98.342,63.28,72,0,4.61,clear sky
672,springbok,ZA,-29.6643,17.8865,43.63,69,2,4.23,clear sky
673,sumbe,AO,-11.2061,13.8437,72.19,88,100,8.57,overcast clouds
674,naberera,TZ,-4.2,36.9333,60.26,77,99,11.45,overcast clouds
675,kaeo,NZ,-35.1,173.7833,62.33,61,45,14.12,scattered clouds
676,oblivskaya,RU,48.5362,42.5014,48.4,79,6,6.91,clear sky
677,hamilton,US,39.1834,-84.5333,61.99,66,0,0.0,clear sky
678,rabo de peixe,PT,37.8,-25.5833,69.28,93,20,6.91,few clouds
679,skjervoy,NO,70.0311,20.9714,44.6,82,100,19.53,overcast clouds
680,miyang,CN,24.4042,103.4428,70.03,77,42,4.43,scattered clouds
681,yantal,RU,56.8471,105.2542,33.24,75,96,4.14,overcast clouds
682,lata,PT,40.1629,-8.3327,63.81,81,28,2.51,scattered clouds
683,filadelfia,US,39.9523,-75.1638,61.16,91,100,1.99,overcast clouds
684,sibolga,ID,1.7427,98.7792,75.9,83,100,3.2,overcast clouds
685,petropavl,KZ,54.8753,69.1628,42.78,45,20,8.95,few clouds
686,cacu,BR,-18.5567,-51.1308,73.83,77,30,4.32,scattered clouds
687,cachoeira,BR,-12.6183,-38.9558,68.92,98,10,3.11,clear sky
688,beaupre,CA,47.0443,-70.8953,57.7,71,5,3.44,clear sky
689,ossora,RU,59.2353,163.0719,42.01,55,56,33.04,broken clouds
690,korla,CN,41.7597,86.1469,56.79,31,45,3.18,scattered clouds
691,diu,IN,20.7141,70.9822,77.43,78,11,12.3,few clouds
692,lagunillas,VE,10.1301,-71.2595,78.78,86,100,7.29,light rain
693,goundi,TD,9.3627,17.366,72.86,93,94,3.56,overcast clouds
694,grindavik,IS,63.8424,-22.4338,41.47,93,75,5.75,broken clouds
695,muros,ES,42.7762,-9.0603,64.09,81,60,14.07,broken clouds
696,ballina,AU,-28.8667,153.5667,60.64,92,100,1.99,overcast clouds
697,stonewall,CA,50.1344,-97.3268,43.79,61,100,21.07,overcast clouds
698,megion,RU,61.0296,76.1136,30.22,83,22,4.03,few clouds
699,antibes,FR,43.5624,7.1278,64.15,82,0,6.91,clear sky
700,badiraguato,MX,25.3667,-107.5167,72.18,82,4,2.51,clear sky
701,casma,CL,-41.0082,-73.1244,47.8,99,100,7.63,overcast clouds
702,kanye,BW,-24.9667,25.3327,65.52,45,0,10.85,clear sky
703,albuquerque,US,35.0845,-106.6511,58.1,85,100,11.5,light rain
704,luau,AO,-10.7073,22.2247,66.74,73,89,4.36,overcast clouds
705,iskilip,TR,40.7353,34.4739,52.7,76,90,6.51,overcast clouds
706,leh,IN,34.1667,77.5833,44.1,50,0,4.14,clear sky
707,santa cruz de la palma,ES,28.6835,-17.7642,76.14,73,0,10.36,clear sky
708,boyolangu,ID,-8.1181,111.8935,78.53,82,100,9.08,overcast clouds
709,iaciara,BR,-14.0958,-46.6317,79.68,48,40,2.48,scattered clouds
710,camana,PE,-16.6228,-72.7111,59.86,82,13,11.7,few clouds
711,teknaf,BD,20.8624,92.3058,84.52,70,34,1.57,scattered clouds
712,mehamn,NO,71.0357,27.8492,42.75,75,100,4.61,overcast clouds
713,palampur,IN,32.1167,76.5333,69.01,59,1,2.01,clear sky
714,visnes,NO,59.3556,5.2242,55.22,71,20,26.46,few clouds
715,leshukonskoye,RU,64.8989,45.7622,44.15,97,100,3.27,overcast clouds
